{
    "influencesPerVertex":2,
    "bones":[{
        "parent":-1,
        "name":"Bone",
        "scl":[2.30095,2.30095,2.30095],
        "pos":[0,-6.58852,-0],
        "rotq":[0.707107,8.42937e-08,-8.42937e-08,0.707107]
    },{
        "parent":0,
        "name":"Bone.003",
        "scl":[1,1,1],
        "pos":[0,0,-1.52956],
        "rotq":[0,0,-0,1]
    },{
        "parent":1,
        "name":"Bone.002",
        "scl":[1,1,1],
        "pos":[0,0,-1.52956],
        "rotq":[0,0,7.10543e-15,1]
    },{
        "parent":2,
        "name":"Bone.001",
        "scl":[1,1,1],
        "pos":[0,0,-1.52956],
        "rotq":[0,0,-2.13163e-14,1]
    }],
    "faces":[1,0,1,3,2,1,2,3,5,4,1,4,5,7,6,1,6,7,9,8,1,8,9,11,10,1,10,11,13,12,1,12,13,15,14,1,14,15,17,16,1,16,17,19,18,1,18,19,21,20,1,20,21,23,22,1,22,23,25,24,1,24,25,27,26,1,26,27,29,28,1,9,7,35,36,1,28,29,31,30,1,1,0,30,31,0,30,0,2,0,2,4,6,0,6,8,10,0,10,12,14,0,14,16,18,0,18,20,22,0,22,24,26,0,26,28,30,0,30,2,6,0,6,10,14,0,14,18,22,0,22,26,30,0,30,6,14,0,14,22,30,1,40,39,55,56,1,19,17,40,41,1,29,27,45,46,1,5,3,32,34,1,15,13,38,39,1,25,23,43,44,1,11,9,36,37,1,21,19,41,42,1,31,29,46,47,1,7,5,34,35,1,17,15,39,40,1,3,1,33,32,1,27,25,44,45,1,13,11,37,38,1,23,21,42,43,1,1,31,47,33,1,61,60,76,77,1,32,33,49,48,1,33,47,63,49,1,41,40,56,57,1,34,32,48,50,1,42,41,57,58,1,35,34,50,51,1,43,42,58,59,1,36,35,51,52,1,44,43,59,60,1,37,36,52,53,1,45,44,60,61,1,38,37,53,54,1,46,45,61,62,1,39,38,54,55,1,47,46,62,63,1,75,74,90,91,1,54,53,69,70,1,62,61,77,78,1,55,54,70,71,1,63,62,78,79,1,56,55,71,72,1,48,49,65,64,1,49,63,79,65,1,57,56,72,73,1,50,48,64,66,1,58,57,73,74,1,51,50,66,67,1,59,58,74,75,1,52,51,67,68,1,60,59,75,76,1,53,52,68,69,0,82,80,81,0,81,95,94,0,94,93,92,0,92,91,90,0,90,89,88,0,88,87,86,0,86,85,84,0,84,83,82,0,82,81,94,0,94,92,90,0,90,88,86,0,86,84,82,0,82,94,90,0,90,86,82,1,68,67,83,84,1,76,75,91,92,1,69,68,84,85,1,77,76,92,93,1,70,69,85,86,1,78,77,93,94,1,71,70,86,87,1,79,78,94,95,1,72,71,87,88,1,64,65,81,80,1,65,79,95,81,1,73,72,88,89,1,66,64,80,82,1,74,73,89,90,1,67,66,82,83],
    "animations":[],
    "skinIndices":[0,0,0,1,0,0,0,1,0,0,0,1,0,0,0,1,0,0,0,1,0,0,0,1,0,0,0,1,0,0,0,1,0,0,0,1,0,0,0,1,0,0,0,1,0,0,0,1,0,0,0,1,0,0,0,1,0,0,0,1,0,0,0,1,1,0,1,0,1,0,1,0,1,0,1,0,1,0,1,0,1,0,1,0,1,0,1,0,1,0,1,0,1,0,1,0,2,3,2,3,2,3,2,3,2,3,2,3,2,3,2,3,2,3,2,3,2,3,2,3,2,3,2,3,2,3,2,3,3,0,3,0,3,0,3,0,3,0,3,0,3,0,3,0,3,0,3,0,3,0,3,0,3,0,3,0,3,0,3,0,3,0,3,0,3,0,3,0,3,0,3,0,3,0,3,0,3,0,3,0,3,0,3,0,3,0,3,0,3,0,3,0],
    "vertices":[0,-6.92445,-1,0,-4.2957,-1,0.382683,-6.92445,-0.923879,0.382683,-4.2957,-0.923879,0.707107,-6.92445,-0.707106,0.707107,-4.2957,-0.707107,0.923879,-6.92445,-0.382683,0.923879,-4.2957,-0.382683,1,-6.92445,3.46389e-07,1,-4.2957,2.31482e-07,0.923879,-6.92445,0.382684,0.923879,-4.2957,0.382684,0.707107,-6.92445,0.707107,0.707107,-4.2957,0.707107,0.382683,-6.92445,0.92388,0.382683,-4.2957,0.92388,1.50996e-07,-6.92445,1,1.50996e-07,-4.2957,1,-0.382683,-6.92445,0.92388,-0.382683,-4.2957,0.92388,-0.707107,-6.92445,0.707107,-0.707107,-4.2957,0.707107,-0.923879,-6.92445,0.382684,-0.923879,-4.2957,0.382684,-1,-6.92445,2.90753e-07,-1,-4.2957,1.75846e-07,-0.923879,-6.92445,-0.382683,-0.923879,-4.2957,-0.382683,-0.707107,-6.92445,-0.707107,-0.707107,-4.2957,-0.707107,-0.382683,-6.92445,-0.923879,-0.382683,-4.2957,-0.92388,0.382683,-1.65779,-0.923879,0,-1.65779,-1,0.707107,-1.65779,-0.707107,0.923879,-1.65779,-0.382683,1,-1.65779,1.16176e-07,0.923879,-1.65779,0.382684,0.707107,-1.65779,0.707107,0.382683,-1.65779,0.92388,1.50996e-07,-1.65779,1,-0.382683,-1.65779,0.92388,-0.707107,-1.65779,0.707107,-0.923879,-1.65779,0.382684,-1,-1.65779,6.05394e-08,-0.923879,-1.65779,-0.382684,-0.707107,-1.65779,-0.707107,-0.382683,-1.65779,-0.92388,0.382683,1.19115,-0.92388,-3.93417e-07,1.19115,-1,0.707106,1.19115,-0.707107,0.923879,1.19115,-0.382683,1,1.19115,-8.35555e-09,0.923879,1.19115,0.382683,0.707106,1.19115,0.707107,0.382683,1.19115,0.923879,-2.42421e-07,1.19115,1,-0.382684,1.19115,0.92388,-0.707107,1.19115,0.707107,-0.92388,1.19115,0.382683,-1,1.19115,-6.39918e-08,-0.92388,1.19115,-0.382684,-0.707107,1.19115,-0.707107,-0.382683,1.19115,-0.92388,0.382683,4.05736,-0.92388,-9.6566e-08,4.05736,-1,0.707107,4.05736,-0.707107,0.923879,4.05736,-0.382684,1,4.05736,-1.33642e-07,0.923879,4.05736,0.382683,0.707107,4.05736,0.707107,0.382683,4.05736,0.923879,5.44298e-08,4.05736,1,-0.382683,4.05736,0.923879,-0.707107,4.05736,0.707107,-0.92388,4.05736,0.382683,-1,4.05736,-1.89278e-07,-0.92388,4.05736,-0.382684,-0.707107,4.05736,-0.707107,-0.382683,4.05736,-0.92388,0.382684,7.78689,-0.92388,4.18453e-07,7.78689,-1,0.707107,7.78689,-0.707107,0.92388,7.78689,-0.382684,1,7.78689,-2.96664e-07,0.92388,7.78689,0.382683,0.707107,7.78689,0.707106,0.382684,7.78689,0.923879,5.69449e-07,7.78689,1,-0.382683,7.78689,0.923879,-0.707106,7.78689,0.707107,-0.923879,7.78689,0.382683,-1,7.78689,-3.52301e-07,-0.923879,7.78689,-0.382684,-0.707106,7.78689,-0.707107,-0.382683,7.78689,-0.92388],
    "uvs":[],
    "metadata":{
        "version":3,
        "bones":4,
        "faces":108,
        "vertices":96,
        "generator":"io_three",
        "type":"Geometry",
        "uvs":0
    },
    "skinWeights":[0.997907,0,0.967377,0.0132825,0.997893,0,0.967377,0.0132829,0.997922,0,0.967377,0.0132819,0.998054,0,0.967378,0.01328,0.997922,0,0.967377,0.0132819,0.997893,0,0.967377,0.0132829,0.997907,0,0.967377,0.0132825,0.998018,0,0.967378,0.0132811,0.997907,0,0.967377,0.0132825,0.997893,0,0.967377,0.0132829,0.997922,0,0.967377,0.0132819,0.998054,0,0.967378,0.0132801,0.997922,0,0.967377,0.0132819,0.997893,0,0.967377,0.0132829,0.997907,0,0.967377,0.0132825,0.998018,0,0.967378,0.0132811,0.939516,0.0126626,0.939516,0.0126626,0.939516,0.0126626,0.939516,0.0126626,0.939516,0.0126626,0.939516,0.0126626,0.939516,0.0126626,0.939516,0.0126626,0.939516,0.0126626,0.939516,0.0126626,0.939516,0.0126626,0.939516,0.0126626,0.939516,0.0126626,0.939516,0.0126626,0.939516,0.0126626,0.939516,0.0126626,0.943859,0.00610818,0.943859,0.0061082,0.943859,0.00610817,0.943859,0.00610817,0.943859,0.00610817,0.943859,0.00610817,0.943859,0.00610818,0.943859,0.00610818,0.943859,0.00610819,0.943859,0.0061082,0.943859,0.00610821,0.943859,0.00610822,0.943859,0.00610822,0.943859,0.00610822,0.943859,0.00610822,0.943859,0.00610822,0.975449,0,0.975449,0,0.975449,0,0.975449,0,0.975449,0,0.975449,0,0.97545,0,0.975449,0,0.975449,0,0.975449,0,0.975449,0,0.975449,0,0.975449,0,0.975449,0,0.97545,0,0.975449,0,0.999147,0,0.999141,0,0.999174,0,0.999147,0,0.999141,0,0.999153,0,0.999189,0,0.999153,0,0.999141,0,0.999147,0,0.999174,0,0.999147,0,0.999141,0,0.999153,0,0.999189,0,0.999153,0]
}